{
  "_format": "hh-sol-cache-2",
  "files": {
    "C:\\Users\\admin\\Desktop\\ethers_js\\web3camp\\week2-hello-world\\contracts\\HelloWorld.sol": {
      "lastModificationDate": 1660221724589,
      "contentHash": "156b8493427247e2f6dd8d51850d1a93",
      "sourceName": "contracts/HelloWorld.sol",
      "solcConfig": {
        "version": "0.8.9",
        "settings": {
          "optimizer": {
            "enabled": false,
            "runs": 200
          },
          "outputSelection": {
            "*": {
              "*": [
                "abi",
                "evm.bytecode",
                "evm.deployedBytecode",
                "evm.methodIdentifiers",
                "metadata"
              ],
              "": [
                "ast"
              ]
            }
          }
        }
      },
      "imports": [],
      "versionPragmas": [
        "^0.8.2"
      ],
      "artifacts": [
        "HelloWorld"
      ]
    }
  }
}
